<?xml version="1.0" encoding="utf-8" standalone="yes" ?>
<rss version="2.0" xmlns:atom="http://www.w3.org/2005/Atom">
  <channel>
    <title>Posts on Modern User Interface Design</title>
    <link>http://designpowerus.com/post/</link>
    <description>Recent content in Posts on Modern User Interface Design</description>
    <generator>Hugo -- gohugo.io</generator>
    <language>en-us</language>
    <lastBuildDate>Mon, 16 Oct 2017 18:22:16 -0700</lastBuildDate>
    
	<atom:link href="http://designpowerus.com/post/index.xml" rel="self" type="application/rss+xml" />
    
    
    <item>
      <title>Designing Efficient Web Forms</title>
      <link>http://designpowerus.com/post/chapter-2/</link>
      <pubDate>Mon, 16 Oct 2017 18:22:16 -0700</pubDate>
      
      <guid>http://designpowerus.com/post/chapter-2/</guid>
      <description>With the advent of modern technology, the face of Internet has evolved.Our Websites are no longer limited to being the information portal for any business instead it is much more than that.So in order to a website to be successful, you need to think much more than its initial functionality. the There are many aspects that contribute to the successful design of a website: one of them is web forms.</description>
    </item>
    
    <item>
      <title>Shadows</title>
      <link>http://designpowerus.com/post/chapter-1/</link>
      <pubDate>Sat, 30 Sep 2017 18:26:45 -0700</pubDate>
      
      <guid>http://designpowerus.com/post/chapter-1/</guid>
      <description>An appealing and successful design of a mobile app and website is a major challenge for modern UI designers. So they use different tools to improve the look and feel of various elements.Now they have started incorporating the shadows and blur effects into their design - it makes user interface elements more attractive and interactive.
Why We use Shadow Effects?
1. The shadows that we apply to any of the image or element, that particular element looks different from others.</description>
    </item>
    
  </channel>
</rss>